<application>
  <component name="libraryTable">
    <library name="@fullcalendar/core" type="javaScript">
      <properties>
        <sourceFilesUrls>
          <item url="file://$APPLICATION_CONFIG_DIR$/javascript/extLibs/http_cdn.jsdelivr.net_npm_@fullcalendar_core@4.1.0_main.css" />
          <item url="file://$APPLICATION_CONFIG_DIR$/javascript/extLibs/http_cdn.jsdelivr.net_npm_@fullcalendar_core@4.1.0_main.js" />
          <item url="file://$APPLICATION_CONFIG_DIR$/javascript/extLibs/http_cdn.jsdelivr.net_npm_@fullcalendar_core@4.4.0_main.css" />
          <item url="file://$APPLICATION_CONFIG_DIR$/javascript/extLibs/http_cdn.jsdelivr.net_npm_@fullcalendar_core@4.4.0_main.js" />
        </sourceFilesUrls>
      </properties>
      <CLASSES>
        <root url="file://$APPLICATION_CONFIG_DIR$/javascript/extLibs/http_cdn.jsdelivr.net_npm_@fullcalendar_core@4.1.0_main.css" />
        <root url="file://$APPLICATION_CONFIG_DIR$/javascript/extLibs/http_cdn.jsdelivr.net_npm_@fullcalendar_core@4.1.0_main.js" />
        <root url="file://$APPLICATION_CONFIG_DIR$/javascript/extLibs/http_cdn.jsdelivr.net_npm_@fullcalendar_core@4.4.0_main.css" />
        <root url="file://$APPLICATION_CONFIG_DIR$/javascript/extLibs/http_cdn.jsdelivr.net_npm_@fullcalendar_core@4.4.0_main.js" />
      </CLASSES>
      <SOURCES />
    </library>
    <library name="@fullcalendar/daygrid" type="javaScript">
      <properties>
        <sourceFilesUrls>
          <item url="file://$APPLICATION_CONFIG_DIR$/javascript/extLibs/http_cdn.jsdelivr.net_npm_@fullcalendar_daygrid@4.1.0_main.css" />
          <item url="file://$APPLICATION_CONFIG_DIR$/javascript/extLibs/http_cdn.jsdelivr.net_npm_@fullcalendar_daygrid@4.1.0_main.js" />
          <item url="file://$APPLICATION_CONFIG_DIR$/javascript/extLibs/http_cdn.jsdelivr.net_npm_@fullcalendar_daygrid@4.4.0_main.css" />
          <item url="file://$APPLICATION_CONFIG_DIR$/javascript/extLibs/http_cdn.jsdelivr.net_npm_@fullcalendar_daygrid@4.4.0_main.js" />
        </sourceFilesUrls>
      </properties>
      <CLASSES>
        <root url="file://$APPLICATION_CONFIG_DIR$/javascript/extLibs/http_cdn.jsdelivr.net_npm_@fullcalendar_daygrid@4.1.0_main.css" />
        <root url="file://$APPLICATION_CONFIG_DIR$/javascript/extLibs/http_cdn.jsdelivr.net_npm_@fullcalendar_daygrid@4.1.0_main.js" />
        <root url="file://$APPLICATION_CONFIG_DIR$/javascript/extLibs/http_cdn.jsdelivr.net_npm_@fullcalendar_daygrid@4.4.0_main.css" />
        <root url="file://$APPLICATION_CONFIG_DIR$/javascript/extLibs/http_cdn.jsdelivr.net_npm_@fullcalendar_daygrid@4.4.0_main.js" />
      </CLASSES>
      <SOURCES />
    </library>
    <library name="@fullcalendar/interaction" type="javaScript">
      <properties>
        <sourceFilesUrls>
          <item url="file://$APPLICATION_CONFIG_DIR$/javascript/extLibs/http_cdn.jsdelivr.net_npm_@fullcalendar_interaction@4.1.0_main.js" />
          <item url="file://$APPLICATION_CONFIG_DIR$/javascript/extLibs/http_cdn.jsdelivr.net_npm_@fullcalendar_interaction@4.4.0_main.js" />
        </sourceFilesUrls>
      </properties>
      <CLASSES>
        <root url="file://$APPLICATION_CONFIG_DIR$/javascript/extLibs/http_cdn.jsdelivr.net_npm_@fullcalendar_interaction@4.1.0_main.js" />
        <root url="file://$APPLICATION_CONFIG_DIR$/javascript/extLibs/http_cdn.jsdelivr.net_npm_@fullcalendar_interaction@4.4.0_main.js" />
      </CLASSES>
      <SOURCES />
    </library>
    <library name="@fullcalendar/timegrid" type="javaScript">
      <properties>
        <sourceFilesUrls>
          <item url="file://$APPLICATION_CONFIG_DIR$/javascript/extLibs/http_cdn.jsdelivr.net_npm_@fullcalendar_timegrid@4.1.0_main.css" />
          <item url="file://$APPLICATION_CONFIG_DIR$/javascript/extLibs/http_cdn.jsdelivr.net_npm_@fullcalendar_timegrid@4.1.0_main.js" />
          <item url="file://$APPLICATION_CONFIG_DIR$/javascript/extLibs/http_cdn.jsdelivr.net_npm_@fullcalendar_timegrid@4.4.0_main.css" />
          <item url="file://$APPLICATION_CONFIG_DIR$/javascript/extLibs/http_cdn.jsdelivr.net_npm_@fullcalendar_timegrid@4.4.0_main.js" />
        </sourceFilesUrls>
      </properties>
      <CLASSES>
        <root url="file://$APPLICATION_CONFIG_DIR$/javascript/extLibs/http_cdn.jsdelivr.net_npm_@fullcalendar_timegrid@4.1.0_main.css" />
        <root url="file://$APPLICATION_CONFIG_DIR$/javascript/extLibs/http_cdn.jsdelivr.net_npm_@fullcalendar_timegrid@4.1.0_main.js" />
        <root url="file://$APPLICATION_CONFIG_DIR$/javascript/extLibs/http_cdn.jsdelivr.net_npm_@fullcalendar_timegrid@4.4.0_main.css" />
        <root url="file://$APPLICATION_CONFIG_DIR$/javascript/extLibs/http_cdn.jsdelivr.net_npm_@fullcalendar_timegrid@4.4.0_main.js" />
      </CLASSES>
      <SOURCES />
    </library>
    <library name="bootstrap" type="javaScript">
      <properties>
        <sourceFilesUrls>
          <item url="file://$APPLICATION_CONFIG_DIR$/javascript/extLibs/http_stackpath.bootstrapcdn.com_bootstrap_4.4.1_css_bootstrap.css" />
          <item url="file://$APPLICATION_CONFIG_DIR$/javascript/extLibs/http_stackpath.bootstrapcdn.com_bootstrap_4.4.1_js_bootstrap.js" />
          <item url="file://$APPLICATION_CONFIG_DIR$/javascript/extLibs/http_stackpath.bootstrapcdn.com_bootstrap_4.5.0_css_bootstrap.css" />
          <item url="file://$APPLICATION_CONFIG_DIR$/javascript/extLibs/http_stackpath.bootstrapcdn.com_bootstrap_4.5.0_js_bootstrap.js" />
        </sourceFilesUrls>
      </properties>
      <CLASSES>
        <root url="file://$APPLICATION_CONFIG_DIR$/javascript/extLibs/http_stackpath.bootstrapcdn.com_bootstrap_4.4.1_css_bootstrap.css" />
        <root url="file://$APPLICATION_CONFIG_DIR$/javascript/extLibs/http_stackpath.bootstrapcdn.com_bootstrap_4.4.1_js_bootstrap.js" />
        <root url="file://$APPLICATION_CONFIG_DIR$/javascript/extLibs/http_stackpath.bootstrapcdn.com_bootstrap_4.5.0_css_bootstrap.css" />
        <root url="file://$APPLICATION_CONFIG_DIR$/javascript/extLibs/http_stackpath.bootstrapcdn.com_bootstrap_4.5.0_js_bootstrap.js" />
      </CLASSES>
      <SOURCES />
    </library>
    <library name="fomantic-ui" type="javaScript">
      <properties>
        <sourceFilesUrls>
          <item url="file://$APPLICATION_CONFIG_DIR$/javascript/extLibs/http_cdn.jsdelivr.net_npm_fomantic-ui@2.8.5_dist_semantic.css" />
          <item url="file://$APPLICATION_CONFIG_DIR$/javascript/extLibs/http_cdn.jsdelivr.net_npm_fomantic-ui@2.8.5_dist_semantic.js" />
        </sourceFilesUrls>
      </properties>
      <CLASSES>
        <root url="file://$APPLICATION_CONFIG_DIR$/javascript/extLibs/http_cdn.jsdelivr.net_npm_fomantic-ui@2.8.5_dist_semantic.css" />
        <root url="file://$APPLICATION_CONFIG_DIR$/javascript/extLibs/http_cdn.jsdelivr.net_npm_fomantic-ui@2.8.5_dist_semantic.js" />
      </CLASSES>
      <SOURCES />
    </library>
    <library name="jquery" type="javaScript">
      <properties>
        <option name="frameworkName" value="jQuery" />
        <sourceFilesUrls>
          <item url="file://$APPLICATION_CONFIG_DIR$/javascript/extLibs/http_cdn.jsdelivr.net_npm_jquery@3.5.0_dist_jquery.js" />
          <item url="file://$APPLICATION_CONFIG_DIR$/javascript/extLibs/http_cdnjs.cloudflare.com_ajax_libs_jquery_3.5.1_jquery.js" />
        </sourceFilesUrls>
      </properties>
      <CLASSES>
        <root url="file://$APPLICATION_CONFIG_DIR$/javascript/extLibs/http_cdn.jsdelivr.net_npm_jquery@3.5.0_dist_jquery.js" />
        <root url="file://$APPLICATION_CONFIG_DIR$/javascript/extLibs/http_cdnjs.cloudflare.com_ajax_libs_jquery_3.5.1_jquery.js" />
      </CLASSES>
      <DOCUMENTATION>
        <root url="http://api.jquery.com" />
      </DOCUMENTATION>
      <SOURCES />
    </library>
    <library name="jquery-3.4.1.slim" type="javaScript">
      <properties>
        <option name="frameworkName" value="jQuery" />
        <sourceFilesUrls>
          <item url="file://$APPLICATION_CONFIG_DIR$/javascript/extLibs/http_code.jquery.com_jquery-3.4.1.slim.js" />
        </sourceFilesUrls>
      </properties>
      <CLASSES>
        <root url="file://$APPLICATION_CONFIG_DIR$/javascript/extLibs/http_code.jquery.com_jquery-3.4.1.slim.js" />
      </CLASSES>
      <DOCUMENTATION>
        <root url="http://api.jquery.com" />
      </DOCUMENTATION>
      <SOURCES />
    </library>
    <library name="popper" type="javaScript">
      <properties>
        <sourceFilesUrls>
          <item url="file://$APPLICATION_CONFIG_DIR$/javascript/extLibs/http_cdn.jsdelivr.net_npm_popper.js@1.16.0_dist_umd_popper.js" />
        </sourceFilesUrls>
      </properties>
      <CLASSES>
        <root url="file://$APPLICATION_CONFIG_DIR$/javascript/extLibs/http_cdn.jsdelivr.net_npm_popper.js@1.16.0_dist_umd_popper.js" />
      </CLASSES>
      <SOURCES />
    </library>
  </component>
</application>